toy,price
Beast Lab Core Line Shark Playset,45.00
Furby Purple Interactive Toy Plush,44.99
Barbie Estate Dolls House and 3 Dolls,150.00
Bitzee Interactive Digital Pet,26.15
DesignaFriend Connie Fashion Designer Doll,30.00
LEGO Star Wars Ahsoka Clone Trooper,15.20
Nerf Elite 2.0 Double Punch Blaster,14.99
Gabby's Dollhouse Cat Friendship Cruise Ship Playset,34.99
MGA's Miniverse – Make it Mini Food: Dine,24.99
Teenage Mutant Ninja Turtles Pizza Delivery Van,29.99
Chad Valley Wooden 2 in 1 Café,25.00
Chad Valley Trevor Talk Back Dino,7.50
Little Live Pets – My Puppy’s Home Dalmatian Edition,42.40
Squishmallows Drew the Mint Dragon,40.66
LEGO Technic Lamborghini,46.99
LEGO Harry Potter Dobby the House-Elf Figure,18.49
Chad Valley Wooden Pizza,5.33
Fingerlings Monkey Pink - Harmony,11.25
Hot Wheels Monster Trucks Ultimate Crush Yard Playset,29.99
