Barbra,Newhouse,ZQ018158G
Jeth,Grewcock,LU962093W
Earl,Vasiljevic,XQ961836I
Angelika,Wonham,KP724204Z
Rog,Draayer,QD629273L
Cathleen,Kasher,IJ119785X
Stevie,Tabram,XJ330296Z
Bridgette,Quickfall,GE835770G
Maddy,Vanyakin,MO081355J
Obadias,Redman,TV982037P
Sisely,Kurtis,CX195432T
Gerrie,Considine,LE229438U
Bridgette,Ribchester,IY896663B
Tami,Sherborn,FJ870570Y
Antonella,Kenninghan,QK242319T
Desiree,Kruse,YR726130C
Kala,Brotherheed,WP675486A
Rachelle,McKintosh,NP463845C
Lindsay,Beincken,FH184857U
Nero,Aubray,NF144718A
Whit,Scalera,QF202809J
Frederico,Kender,UJ141431J
Gard,Piggin,PX601959G
Scotti,Bruntje,NL963511W
Anderson,Merioth,HH760517G
Vania,Peachman,RK700626A
Loni,Bleas,GU301270U
Myer,Sigfrid,DX114715F
Adelheid,Saywell,PT856236E
Shellysheldon,Jancey,CN628034L
Zechariah,Falco,JK302610V
Dennet,Speechley,IZ723454U
Manda,Guirau,UG924573U
Terra,Loakes,RS664222L
Cathi,Warboys,PX784199A
Cad,Rattenberie,AS314480E
Kaleena,Seif,NZ239874O
Maxim,Redmille,MH513304W
Rafferty,Denisovich,NJ614544O
Arliene,Pracy,BX380609K
Lola,Pellew,PD195025H
Virgie,How,TD264373J
Alfie,Caddies,VA897913T
Sheridan,Pawelski,PF550993J
Clerkclaude,Gimbart,RF374222N
Claire,O'Drought,MO622976K
Cassy,Croux,PH855286L
Darryl,Ciotti,XH911608N
Vera,Perritt,RT695681C
Thacher,Candlin,MI808692R
Cass,Pestor,JX256430O
Carlotta,Harback,NX418119V
Ennis,Barnwall,XG934032O
Araldo,Skarr,QU579414C
Justis,Downie,VQ349478X
Sibyl,Ewart,OX721068A
Gale,Bowley,FA411621H
Josiah,Stebbings,WD447205E
Carri,Le Sieur,NB693151G
Dusty,Treleaven,WS105154J
Kenna,Westman,ED732184I
Leelah,Bernardet,LS093892B
Janet,Stolli,GG193726M
Bunny,Bumphries,ZM203163Z
Daniella,Corn,IX360951N
Kain,Serjeantson,EZ258779L
Cammie,Palister,DG272938M
Beniamino,Irdale,GS938722F
L;urette,Francino,QU780020B
Noel,Housin,TY890173Y
Mariel,Gibbard,IB665847C
Amargo,Lambrick,EL204073G
Rosella,Elcum,CX493318Q
Mace,Juniper,ZF155497B
Wittie,Magnus,TK342031D
Mata,Morsom,NK370285C
Anabel,Heggie,US961598Q
Miran,Wyard,CU713503H
Tansy,Jarrold,CT092238G
Melisa,MacBean,TZ882087H
Willey,Tomczykowski,HP012414V
Phebe,Giddens,XO172337T
Ava,Biddlecombe,XC774121C
Madelle,Bellwood,ED344000Q
Chryste,Spaxman,QW773199I
Suzanna,Yarker,GV597575D
Tana,Gudge,YE705786T
Kamillah,Slemming,KZ501440R
Sonya,Rountree,KY815553K
Kristopher,Mathis,BJ577241E
Herc,Pingstone,UC757107G
Rosana,Seagood,GO279625Q
Raddy,Padefield,NO116148R
Georgiana,Nelane,CO447201R
Cecilla,Bridgens,DG675264Z
Jemmy,Poxton,SQ542270D
Selinda,Branney,JJ130851O
Tallou,Habergham,TF255369U
Bernete,McChruiter,WV374901V
Ninnette,Wetherburn,PB606755A
