Simon,Galbraith,52
Micheal,Mitchell,40
Darren,Robertson,3
Ryan,MacLean,94
Anthony,Stewart,29
John,Wilson,70
Anthony,Henderson,37
Wendy,McGuire,47
Callum,Simpson,92
Alan,MacLeod,100
Dominic,Walker,84
Callum,MacLeod,20
Alanna,McGuire,78
Alanna,McGuire,71
Domhnall,Smiley,19
Alan,Mitchell,61
Alanna,Monk,42
Robbie,Jones,56
Ryan,MacLeod,16
Ruairidh,Blackie,1
Roderick,McGuire,88
James,Monk,78
Andrew,O'Carroll,84
Wendy,MacDonald,43
Ruairidh,Simpson,10
Alanna,Monk,8
Erin,Stewart,62
Roderick,Young,66
James,Docherty,68
Robbie,Clark,16
John,Docherty,46
Ciara,Simpson,73
Simon,Davidson,71
Calum,Ferguson,17
Roderick,Walker,65
Anthony,Stewart,35
James,Irving,37
Dominic,Docherty,76
Donald,Irving,44
Stewart,Young,2
Shelly,MacKinnon,73
Domhnall,Ferguson,18
Ruairidh,McGuire,39
James,Blake,50
Ruairidh,Blake,80
Dominic,Campbell,67
Micheal,Grant,95
Liam,Wilson,32
Shelly,Wilson,91
Alanna,MacKinnon,53
Simon,MacNeil,94
Shelly,Clark,1
Ryan,Grant,18
Darren,Galbraith,84
Julia,Wilson,49
Vincent,Galbraith,56
John,Young,38
Darren,O'Carroll,2
Julia,MacDonald,92
Callum,MacKinnon,74
Findlay,Small,10
Ruairidh,Simpson,77
Simon,MacKinnon,62
Andrew,Friend,43
Alan,Robertson,32
Stewart,Irving,83
Ruairidh,MacIain,68
Kieran,Mitchell,82
Anthony,MacKinnon,83
Andrew,MacLean,97
Dominic,O'Carroll,72
Donald,MacLeod,16
Findlay,Young,32
Ryan,Robertson,77
Micheal,Robertson,37
Miyah,Campbell,80
Shelly,MacDougall,11
Alanna,Stewart,58
Micheal,Paterson,48
Angus,Clark,39
Calum,O'Carroll,26
Ciara,Ferguson,95
James,MacNeil,48
Calum,Smith,17
Dominic,Simpson,69
Calum,Young,16
James,Walker,95
Wendy,Walker,97
Donald,Brown,52
Liam,Jones,87
Findlay,MacDougall,10
Ciara,Simpson,6
Dominic,Paterson,1
Calum,MacLean,85
Alanna,Clark,42
Wendy,Davidson,44
Angus,Grant,26
Findlay,Blackie,71
Erin,Blake,77
Shelly,MacIain,89
